outcome	section	bp_trait	slot	kind	row_key	row_label	k_cohorts	estimate	ci_lo	ci_hi	axis_lo	axis_hi	axis_scale	reference	truncated_lo	truncated_hi	drawn_lo	drawn_hi	value_text
BWT	Birth weight	DBP	1	cohort	AMANHI-Bangladesh	AMANHI-Sylhet	1	8.003535327887484	-163.04088927456817	179.04795993034313	-550	500	linear	0	FALSE	FALSE	-163.04088927456817	179.04795993034313	8 (−163 to 179)
BWT	Birth weight	DBP	2	cohort	AMANHI-Pakistan	AMANHI-Karachi	1	11.428848975267798	-133.38820214211592	156.24590009265148	-550	500	linear	0	FALSE	FALSE	-133.38820214211592	156.24590009265148	11 (−133 to 156)
BWT	Birth weight	DBP	3	cohort	GAPPS-Bangladesh	PreSSMat-Matlab	1	-114.97004396237855	-233.0990361460507	3.158948221293585	-550	500	linear	0	FALSE	FALSE	-233.0990361460507	3.158948221293585	−115 (−233 to 3)
BWT	Birth weight	DBP	4	pool_sub	South Asian	South Asian pooled	3	-44.50624705047195	-136.52675463491144	47.51426053396754	-550	500	linear	0	FALSE	FALSE	-136.52675463491144	47.51426053396754	−45 (−137 to 48)
BWT	Birth weight	DBP	5	cohort	AMANHI-Pemba	AMANHI-Pemba	1	-457.7207494381354	-805.0438993501145	-110.39759952615617	-550	500	linear	0	TRUE	FALSE	-5.5e+02	-110.39759952615617	−458 (−805 to −110)
BWT	Birth weight	DBP	6	cohort	GAPPS-Zambia	ZAPPS-Lusaka	1	192.09761190986472	-61.67910842497744	445.8743322447069	-550	500	linear	0	FALSE	FALSE	-61.67910842497744	445.8743322447069	192 (−62 to 446)
BWT	Birth weight	DBP	7	pool_sub	African	African pooled	2	-121.54894092830283	-757.9765265663387	514.8786447097331	-550	500	linear	0	TRUE	TRUE	-5.5e+02	5e+02	−122 (−758 to 515)
BWT	Birth weight	DBP	8	pool_all	Overall	Overall pooled	5	-46.317949050212945	-191.30163610253157	98.66573800210568	-550	500	linear	0	FALSE	FALSE	-191.30163610253157	98.66573800210568	−46 (−191 to 99)
BWT	Birth weight	SBP	1	cohort	AMANHI-Bangladesh	AMANHI-Sylhet	1	38.90662479214056	-88.57912941859908	166.3923790028802	-550	500	linear	0	FALSE	FALSE	-88.57912941859908	166.3923790028802	39 (−89 to 166)
BWT	Birth weight	SBP	2	cohort	AMANHI-Pakistan	AMANHI-Karachi	1	23.52357687982231	-86.21654403584054	133.26369779548517	-550	500	linear	0	FALSE	FALSE	-86.21654403584054	133.26369779548517	24 (−86 to 133)
BWT	Birth weight	SBP	3	cohort	GAPPS-Bangladesh	PreSSMat-Matlab	1	-81.43576018305488	-162.9627307263986	0.09121036028884077	-550	500	linear	0	FALSE	FALSE	-162.9627307263986	0.09121036028884077	−81 (−163 to 0)
BWT	Birth weight	SBP	4	pool_sub	South Asian	South Asian pooled	3	-16.889770565524685	-98.13768855278833	64.35814742173896	-550	500	linear	0	FALSE	FALSE	-98.13768855278833	64.35814742173896	−17 (−98 to 64)
BWT	Birth weight	SBP	5	cohort	AMANHI-Pemba	AMANHI-Pemba	1	-110.93405905096722	-255.13706011719867	33.26894201526423	-550	500	linear	0	FALSE	FALSE	-255.13706011719867	33.26894201526423	−111 (−255 to 33)
BWT	Birth weight	SBP	6	cohort	GAPPS-Zambia	ZAPPS-Lusaka	1	100.71447445520744	-141.04259706236556	342.4715459727804	-550	500	linear	0	FALSE	FALSE	-141.04259706236556	342.4715459727804	101 (−141 to 342)
BWT	Birth weight	SBP	7	pool_sub	African	African pooled	2	-28.26402386967756	-230.65018387625088	174.1221361368958	-550	500	linear	0	FALSE	FALSE	-230.65018387625088	174.1221361368958	−28 (−231 to 174)
BWT	Birth weight	SBP	8	pool_all	Overall	Overall pooled	5	-24.859179864840875	-92.81919751387628	43.10083778419453	-550	500	linear	0	FALSE	FALSE	-92.81919751387628	43.10083778419453	−25 (−93 to 43)
LBW	Low birth weight (<2,500 g)	DBP	1	cohort	AMANHI-Bangladesh	AMANHI-Sylhet	1	0.9379982423496778	0.4111995128068584	2.1396929598609433	0.2	25	logarithmic	1	FALSE	FALSE	0.4111995128068584	2.1396929598609433	0.94 (0.41 to 2.14)
LBW	Low birth weight (<2,500 g)	DBP	2	cohort	AMANHI-Pakistan	AMANHI-Karachi	1	1.0538911610736286	0.46471834212774116	2.3900209625980646	0.2	25	logarithmic	1	FALSE	FALSE	0.46471834212774116	2.3900209625980646	1.05 (0.46 to 2.39)
LBW	Low birth weight (<2,500 g)	DBP	3	cohort	GAPPS-Bangladesh	PreSSMat-Matlab	1	1.2699069452166831	0.6409951543641015	2.515874946214545	0.2	25	logarithmic	1	FALSE	FALSE	0.6409951543641015	2.515874946214545	1.27 (0.64 to 2.52)
LBW	Low birth weight (<2,500 g)	DBP	4	pool_sub	South Asian	South Asian pooled	3	1.1019774327472294	0.7077717763993946	1.7157427051724028	0.2	25	logarithmic	1	FALSE	FALSE	0.7077717763993946	1.7157427051724028	1.10 (0.71 to 1.72)
LBW	Low birth weight (<2,500 g)	DBP	5	cohort	AMANHI-Pemba	AMANHI-Pemba	1	19.521445754083185	0.7891968900577546	482.87930316314856	0.2	25	logarithmic	1	FALSE	TRUE	0.7891968900577546	25	19.52 (0.79 to 482.88)
LBW	Low birth weight (<2,500 g)	DBP	6	cohort	GAPPS-Zambia	ZAPPS-Lusaka	1	1.458392073302948	0.2791450813922364	7.6193620495296495	0.2	25	logarithmic	1	FALSE	FALSE	0.2791450813922364	7.6193620495296495	1.46 (0.28 to 7.62)
LBW	Low birth weight (<2,500 g)	DBP	7	pool_sub	African	African pooled	2	3.651588244612229	0.32110576667333757	41.52555977530936	0.2	25	logarithmic	1	FALSE	TRUE	0.32110576667333757	25	3.65 (0.32 to 41.53)
LBW	Low birth weight (<2,500 g)	DBP	8	pool_all	Overall	Overall pooled	5	1.1802402751554095	0.7724343320370758	1.8033469633921657	0.2	25	logarithmic	1	FALSE	FALSE	0.7724343320370758	1.8033469633921657	1.18 (0.77 to 1.80)
LBW	Low birth weight (<2,500 g)	SBP	1	cohort	AMANHI-Bangladesh	AMANHI-Sylhet	1	0.7693434216662288	0.41506062804309557	1.4260309469768477	0.2	25	logarithmic	1	FALSE	FALSE	0.41506062804309557	1.4260309469768477	0.77 (0.42 to 1.43)
LBW	Low birth weight (<2,500 g)	SBP	2	cohort	AMANHI-Pakistan	AMANHI-Karachi	1	0.9774183054151095	0.5257099447248328	1.8172502790689875	0.2	25	logarithmic	1	FALSE	FALSE	0.5257099447248328	1.8172502790689875	0.98 (0.53 to 1.82)
LBW	Low birth weight (<2,500 g)	SBP	3	cohort	GAPPS-Bangladesh	PreSSMat-Matlab	1	1.42376790055337	0.8865343190682972	2.2865612656445684	0.2	25	logarithmic	1	FALSE	FALSE	0.8865343190682972	2.2865612656445684	1.42 (0.89 to 2.29)
LBW	Low birth weight (<2,500 g)	SBP	4	pool_sub	South Asian	South Asian pooled	3	1.0693236660691798	0.7322690687072548	1.5615204187639373	0.2	25	logarithmic	1	FALSE	FALSE	0.7322690687072548	1.5615204187639373	1.07 (0.73 to 1.56)
LBW	Low birth weight (<2,500 g)	SBP	5	cohort	AMANHI-Pemba	AMANHI-Pemba	1	2.7729394759026356	0.6639216535004585	11.581476965661091	0.2	25	logarithmic	1	FALSE	FALSE	0.6639216535004585	11.581476965661091	2.77 (0.66 to 11.58)
LBW	Low birth weight (<2,500 g)	SBP	6	cohort	GAPPS-Zambia	ZAPPS-Lusaka	1	1.0210644117712664	0.2078458468618473	5.016085472608881	0.2	25	logarithmic	1	FALSE	FALSE	0.2078458468618473	5.016085472608881	1.02 (0.21 to 5.02)
LBW	Low birth weight (<2,500 g)	SBP	7	pool_sub	African	African pooled	2	1.7751629393686454	0.6128322452544902	5.14203272707906	0.2	25	logarithmic	1	FALSE	FALSE	0.6128322452544902	5.14203272707906	1.78 (0.61 to 5.14)
LBW	Low birth weight (<2,500 g)	SBP	8	pool_all	Overall	Overall pooled	5	1.1297004951184313	0.802835248837481	1.5896452111673243	0.2	25	logarithmic	1	FALSE	FALSE	0.802835248837481	1.5896452111673243	1.13 (0.80 to 1.59)
PTB	Preterm birth	DBP	1	cohort	AMANHI-Bangladesh	AMANHI-Sylhet	1	0.8346101966108335	0.25749025514251067	2.7052448252895935	0.2	8	logarithmic	1	FALSE	FALSE	0.25749025514251067	2.7052448252895935	0.83 (0.26 to 2.71)
PTB	Preterm birth	DBP	2	cohort	AMANHI-Pakistan	AMANHI-Karachi	1	0.39269639295038206	0.1460777143976896	1.0556740819233406	0.2	8	logarithmic	1	TRUE	FALSE	0.2	1.0556740819233406	0.39 (0.15 to 1.06)
PTB	Preterm birth	DBP	3	cohort	GAPPS-Bangladesh	PreSSMat-Matlab	1	2.0652174519564492	0.9691383266986908	4.400943607703932	0.2	8	logarithmic	1	FALSE	FALSE	0.9691383266986908	4.400943607703932	2.07 (0.97 to 4.40)
PTB	Preterm birth	DBP	4	pool_sub	South Asian	South Asian pooled	3	0.9184442014580391	0.3366366773445759	2.5057868258617026	0.2	8	logarithmic	1	FALSE	FALSE	0.3366366773445759	2.5057868258617026	0.92 (0.34 to 2.51)
PTB	Preterm birth	DBP	5	cohort	AMANHI-Pemba	AMANHI-Pemba	1	5.575529012887445	0.24364392537491752	127.58998085305815	0.2	8	logarithmic	1	FALSE	TRUE	0.24364392537491752	8	5.58 (0.24 to 127.59)
PTB	Preterm birth	DBP	6	cohort	GAPPS-Zambia	ZAPPS-Lusaka	1	0.9951442769896112	0.1560972773632843	6.34419862250658	0.2	8	logarithmic	1	TRUE	FALSE	0.2	6.34419862250658	1.00 (0.16 to 6.34)
PTB	Preterm birth	DBP	7	pool_sub	African	African pooled	2	1.5558961335038108	0.31596464716891864	7.6616570870914895	0.2	8	logarithmic	1	FALSE	FALSE	0.31596464716891864	7.6616570870914895	1.56 (0.32 to 7.66)
PTB	Preterm birth	DBP	8	pool_all	Overall	Overall pooled	5	1.0403472482143503	0.46693571875834006	2.317925901546462	0.2	8	logarithmic	1	FALSE	FALSE	0.46693571875834006	2.317925901546462	1.04 (0.47 to 2.32)
PTB	Preterm birth	SBP	1	cohort	AMANHI-Bangladesh	AMANHI-Sylhet	1	0.6547155331246717	0.2797700653757761	1.532159735313262	0.2	8	logarithmic	1	FALSE	FALSE	0.2797700653757761	1.532159735313262	0.65 (0.28 to 1.53)
PTB	Preterm birth	SBP	2	cohort	AMANHI-Pakistan	AMANHI-Karachi	1	0.5074994777343868	0.24633779450647145	1.045538791222348	0.2	8	logarithmic	1	FALSE	FALSE	0.24633779450647145	1.045538791222348	0.51 (0.25 to 1.05)
PTB	Preterm birth	SBP	3	cohort	GAPPS-Bangladesh	PreSSMat-Matlab	1	1.8787628653984563	1.1155485213779623	3.1641383917932626	0.2	8	logarithmic	1	FALSE	FALSE	1.1155485213779623	3.1641383917932626	1.88 (1.12 to 3.16)
PTB	Preterm birth	SBP	4	pool_sub	South Asian	South Asian pooled	3	0.8916612046459856	0.38791228241933107	2.0495863108847767	0.2	8	logarithmic	1	FALSE	FALSE	0.38791228241933107	2.0495863108847767	0.89 (0.39 to 2.05)
PTB	Preterm birth	SBP	5	cohort	AMANHI-Pemba	AMANHI-Pemba	1	2.427856312516385	0.5630452442838669	10.468938924655712	0.2	8	logarithmic	1	FALSE	TRUE	0.5630452442838669	8	2.43 (0.56 to 10.47)
PTB	Preterm birth	SBP	6	cohort	GAPPS-Zambia	ZAPPS-Lusaka	1	2.3460373711779483	0.3801549721838636	14.478020148850135	0.2	8	logarithmic	1	FALSE	TRUE	0.3801549721838636	8	2.35 (0.38 to 14.48)
PTB	Preterm birth	SBP	7	pool_sub	African	African pooled	2	2.3954458806659105	0.7665168802766741	7.4860203536914804	0.2	8	logarithmic	1	FALSE	FALSE	0.7665168802766741	7.4860203536914804	2.40 (0.77 to 7.49)
PTB	Preterm birth	SBP	8	pool_all	Overall	Overall pooled	5	1.128233779836201	0.572136256726001	2.2248397073235746	0.2	8	logarithmic	1	FALSE	FALSE	0.572136256726001	2.2248397073235746	1.13 (0.57 to 2.22)
SGA	Small for gestational age (<10th centile)	DBP	1	cohort	AMANHI-Bangladesh	AMANHI-Sylhet	1	1.0875093079262848	0.5144976343638656	2.2987015213171778	0.08	8	logarithmic	1	FALSE	FALSE	0.5144976343638656	2.2987015213171778	1.09 (0.51 to 2.30)
SGA	Small for gestational age (<10th centile)	DBP	2	cohort	AMANHI-Pakistan	AMANHI-Karachi	1	0.731930866918396	0.3566295389445176	1.5021828969452233	0.08	8	logarithmic	1	FALSE	FALSE	0.3566295389445176	1.5021828969452233	0.73 (0.36 to 1.50)
SGA	Small for gestational age (<10th centile)	DBP	3	cohort	GAPPS-Bangladesh	PreSSMat-Matlab	1	1.3105758196096664	0.745016873682983	2.305463190994007	0.08	8	logarithmic	1	FALSE	FALSE	0.745016873682983	2.305463190994007	1.31 (0.75 to 2.31)
SGA	Small for gestational age (<10th centile)	DBP	4	pool_sub	South Asian	South Asian pooled	3	1.059150070897234	0.7228965163745212	1.5518111476144245	0.08	8	logarithmic	1	FALSE	FALSE	0.7228965163745212	1.5518111476144245	1.06 (0.72 to 1.55)
SGA	Small for gestational age (<10th centile)	DBP	5	cohort	AMANHI-Pemba	AMANHI-Pemba	1	0.7990478812657187	0.09421028753403086	6.7771528276527295	0.08	8	logarithmic	1	FALSE	FALSE	0.09421028753403086	6.7771528276527295	0.80 (0.09 to 6.78)
SGA	Small for gestational age (<10th centile)	DBP	6	cohort	GAPPS-Zambia	ZAPPS-Lusaka	1	0.7346082685889753	0.20174660663831498	2.674886667346819	0.08	8	logarithmic	1	FALSE	FALSE	0.20174660663831498	2.674886667346819	0.73 (0.20 to 2.67)
SGA	Small for gestational age (<10th centile)	DBP	7	pool_sub	African	African pooled	2	0.7513258394484789	0.24861238608977373	2.2705647369440567	0.08	8	logarithmic	1	FALSE	FALSE	0.24861238608977373	2.2705647369440567	0.75 (0.25 to 2.27)
SGA	Small for gestational age (<10th centile)	DBP	8	pool_all	Overall	Overall pooled	5	1.0210929462064255	0.711658373210037	1.465072068343105	0.08	8	logarithmic	1	FALSE	FALSE	0.711658373210037	1.465072068343105	1.02 (0.71 to 1.47)
SGA	Small for gestational age (<10th centile)	SBP	1	cohort	AMANHI-Bangladesh	AMANHI-Sylhet	1	0.8418486961391255	0.47836009130317164	1.481539200438828	0.08	8	logarithmic	1	FALSE	FALSE	0.47836009130317164	1.481539200438828	0.84 (0.48 to 1.48)
SGA	Small for gestational age (<10th centile)	SBP	2	cohort	AMANHI-Pakistan	AMANHI-Karachi	1	0.738265740174748	0.4276502479882428	1.2744907916685062	0.08	8	logarithmic	1	FALSE	FALSE	0.4276502479882428	1.2744907916685062	0.74 (0.43 to 1.27)
SGA	Small for gestational age (<10th centile)	SBP	3	cohort	GAPPS-Bangladesh	PreSSMat-Matlab	1	1.2219583366028521	0.8274432363819678	1.8045735474522877	0.08	8	logarithmic	1	FALSE	FALSE	0.8274432363819678	1.8045735474522877	1.22 (0.83 to 1.80)
SGA	Small for gestational age (<10th centile)	SBP	4	pool_sub	South Asian	South Asian pooled	3	0.9594671556098361	0.6882966293576758	1.3374716414827135	0.08	8	logarithmic	1	FALSE	FALSE	0.6882966293576758	1.3374716414827135	0.96 (0.69 to 1.34)
SGA	Small for gestational age (<10th centile)	SBP	5	cohort	AMANHI-Pemba	AMANHI-Pemba	1	0.8239698178810991	0.3089100870188651	2.1978118854291404	0.08	8	logarithmic	1	FALSE	FALSE	0.3089100870188651	2.1978118854291404	0.82 (0.31 to 2.20)
SGA	Small for gestational age (<10th centile)	SBP	6	cohort	GAPPS-Zambia	ZAPPS-Lusaka	1	0.5269188246797928	0.14535276065341174	1.910135360029141	0.08	8	logarithmic	1	FALSE	FALSE	0.14535276065341174	1.910135360029141	0.53 (0.15 to 1.91)
SGA	Small for gestational age (<10th centile)	SBP	7	pool_sub	African	African pooled	2	0.6992147193873078	0.32039041334736296	1.52595459614396	0.08	8	logarithmic	1	FALSE	FALSE	0.32039041334736296	1.52595459614396	0.70 (0.32 to 1.53)
SGA	Small for gestational age (<10th centile)	SBP	8	pool_all	Overall	Overall pooled	5	0.9216055428743652	0.6843995052607158	1.241024825599777	0.08	8	logarithmic	1	FALSE	FALSE	0.6843995052607158	1.241024825599777	0.92 (0.68 to 1.24)
