exposure	outcome	estimate	ci_lo	ci_hi	units	method	direction	source	doi	url	retrieved	notes
SBP	PTB	1.1158	1.0603	1.1743	OR per 10 mmHg	IVW two-sample MR	higher BP increases risk	Morales-Berstein F et al., BMC Medicine 2026;24:2	10.1186/s12916-025-04548-3	https://link.springer.com/article/10.1186/s12916-025-04548-3	2026-07-20	IVW, 497 SNPs, Keaton2024 instrument; p=2.59e-05. From Additional File 3 Suppl Table 6 (ST6). Main-text rounding was 1.12 (1.06-1.17).
DBP	PTB	1.1390	1.0445	1.2421	OR per 10 mmHg	IVW two-sample MR	higher BP increases risk	Morales-Berstein F et al., BMC Medicine 2026;24:2	10.1186/s12916-025-04548-3	https://link.springer.com/article/10.1186/s12916-025-04548-3	2026-07-20	IVW, 452 SNPs, Keaton2024 instrument; p=3.23e-03. From ST6.
SBP	LBW	1.3305	1.2586	1.4065	OR per 10 mmHg	IVW two-sample MR	higher BP increases risk	Morales-Berstein F et al., BMC Medicine 2026;24:2	10.1186/s12916-025-04548-3	https://link.springer.com/article/10.1186/s12916-025-04548-3	2026-07-20	IVW, 507 SNPs, Keaton2024 instrument; p=7.03e-24. From ST6. Largest binary effect in the panel.
DBP	LBW	1.4555	1.3220	1.6024	OR per 10 mmHg	IVW two-sample MR	higher BP increases risk	Morales-Berstein F et al., BMC Medicine 2026;24:2	10.1186/s12916-025-04548-3	https://link.springer.com/article/10.1186/s12916-025-04548-3	2026-07-20	IVW, 470 SNPs, Keaton2024 instrument; p=2.01e-14. From ST6. NB DBP effect on LBW is LARGER than SBP, contrary to the general "DBP similar but less precise" statement.
SBP	SGA	1.1647	1.0696	1.2683	OR per 10 mmHg	IVW two-sample MR	higher BP increases risk	Morales-Berstein F et al., BMC Medicine 2026;24:2	10.1186/s12916-025-04548-3	https://link.springer.com/article/10.1186/s12916-025-04548-3	2026-07-20	IVW, 457 SNPs, Keaton2024 instrument; p=4.51e-04. From ST6.
DBP	SGA	1.1129	0.9686	1.2786	OR per 10 mmHg	IVW two-sample MR	null (CI crosses 1)	Morales-Berstein F et al., BMC Medicine 2026;24:2	10.1186/s12916-025-04548-3	https://link.springer.com/article/10.1186/s12916-025-04548-3	2026-07-20	IVW, 415 SNPs, Keaton2024 instrument; p=1.31e-01. From ST6. The one primary growth outcome where DBP does NOT reach significance even in a well-powered two-sample design.
SBP	BWT	-0.1257	-0.1472	-0.1042	SD per 10 mmHg	IVW two-sample MR	higher BP lowers birthweight	Morales-Berstein F et al., BMC Medicine 2026;24:2	10.1186/s12916-025-04548-3	https://link.springer.com/article/10.1186/s12916-025-04548-3	2026-07-20	IVW, 503 SNPs, Keaton2024 instrument; p=1.94e-30. From ST6. UNITS ARE SD OF BIRTHWEIGHT, not grams - the paper never uses grams. B21 converts our grams estimate to SD (SD=528 g in our live-birth sample) for the like-for-like comparison. Their SD is European, ours South Asian/African: comparable scale, not identical unit.
DBP	BWT	-0.1370	-0.1721	-0.1019	SD per 10 mmHg	IVW two-sample MR	higher BP lowers birthweight	Morales-Berstein F et al., BMC Medicine 2026;24:2	10.1186/s12916-025-04548-3	https://link.springer.com/article/10.1186/s12916-025-04548-3	2026-07-20	IVW, 466 SNPs, Keaton2024 instrument; p=2.00e-14. From ST6. Same SD-units caveat as SBP/BWT.
SBP	GAd	-0.0936	-0.1240	-0.0632	SD per 10 mmHg	IVW two-sample MR	higher BP shortens gestation	Morales-Berstein F et al., BMC Medicine 2026;24:2	10.1186/s12916-025-04548-3	https://link.springer.com/article/10.1186/s12916-025-04548-3	2026-07-20	IVW, 511 SNPs, Keaton2024 instrument; p=1.63e-09. From ST6. Comparator for our continuous gestational-age outcome if we report it.
DBP	GAd	-0.1266	-0.1778	-0.0753	SD per 10 mmHg	IVW two-sample MR	higher BP shortens gestation	Morales-Berstein F et al., BMC Medicine 2026;24:2	10.1186/s12916-025-04548-3	https://link.springer.com/article/10.1186/s12916-025-04548-3	2026-07-20	IVW, 463 SNPs, Keaton2024 instrument; p=1.31e-06. From ST6.
SBP	HBW	0.7569	0.6934	0.8261	OR per 10 mmHg	IVW two-sample MR	higher BP decreases risk	Morales-Berstein F et al., BMC Medicine 2026;24:2	10.1186/s12916-025-04548-3	https://link.springer.com/article/10.1186/s12916-025-04548-3	2026-07-20	IVW, 506 SNPs; p=4.41e-10. Mirror image of LBW - supports a growth-restriction mechanism. NOT a MOMI outcome (dropped 2026-07-20, too few events).
DBP	HBW	0.8148	0.7074	0.9385	OR per 10 mmHg	IVW two-sample MR	higher BP decreases risk	Morales-Berstein F et al., BMC Medicine 2026;24:2	10.1186/s12916-025-04548-3	https://link.springer.com/article/10.1186/s12916-025-04548-3	2026-07-20	IVW, 464 SNPs; p=4.50e-03. NOT a MOMI outcome.
SBP	LGA	0.8687	0.8019	0.9410	OR per 10 mmHg	IVW two-sample MR	higher BP decreases risk	Morales-Berstein F et al., BMC Medicine 2026;24:2	10.1186/s12916-025-04548-3	https://link.springer.com/article/10.1186/s12916-025-04548-3	2026-07-20	IVW, 456 SNPs; p=5.57e-04. Mirror image of SGA. NOT a MOMI outcome.
DBP	LGA	0.8744	0.7701	0.9929	OR per 10 mmHg	IVW two-sample MR	higher BP decreases risk	Morales-Berstein F et al., BMC Medicine 2026;24:2	10.1186/s12916-025-04548-3	https://link.springer.com/article/10.1186/s12916-025-04548-3	2026-07-20	IVW, 405 SNPs; p=3.85e-02. NOT a MOMI outcome.
SBP	POSTTERM	0.9404	0.8971	0.9859	OR per 10 mmHg	IVW two-sample MR	higher BP decreases risk	Morales-Berstein F et al., BMC Medicine 2026;24:2	10.1186/s12916-025-04548-3	https://link.springer.com/article/10.1186/s12916-025-04548-3	2026-07-20	IVW, 502 SNPs; p=1.08e-02. Mirror image of PTB. NOT a MOMI outcome (dropped 2026-07-20).
DBP	POSTTERM	0.9104	0.8419	0.9845	OR per 10 mmHg	IVW two-sample MR	higher BP decreases risk	Morales-Berstein F et al., BMC Medicine 2026;24:2	10.1186/s12916-025-04548-3	https://link.springer.com/article/10.1186/s12916-025-04548-3	2026-07-20	IVW, 460 SNPs; p=1.88e-02. NOT a MOMI outcome.
SBP	STILL	1.0014	0.9281	1.0805	OR per 10 mmHg	IVW two-sample MR	null	Morales-Berstein F et al., BMC Medicine 2026;24:2	10.1186/s12916-025-04548-3	https://link.springer.com/article/10.1186/s12916-025-04548-3	2026-07-20	IVW, 510 SNPs; p=9.71e-01. Explicit null - useful negative comparator. NOT a MOMI outcome.
DBP	STILL	1.0120	0.8944	1.1450	OR per 10 mmHg	IVW two-sample MR	null	Morales-Berstein F et al., BMC Medicine 2026;24:2	10.1186/s12916-025-04548-3	https://link.springer.com/article/10.1186/s12916-025-04548-3	2026-07-20	IVW, 470 SNPs; p=8.50e-01. Explicit null. NOT a MOMI outcome.
SBP	MISC	0.9998	0.9753	1.0249	OR per 10 mmHg	IVW two-sample MR	null	Morales-Berstein F et al., BMC Medicine 2026;24:2	10.1186/s12916-025-04548-3	https://link.springer.com/article/10.1186/s12916-025-04548-3	2026-07-20	IVW, 502 SNPs; p=9.90e-01. Explicit null. NOT a MOMI outcome.
DBP	MISC	1.0286	0.9874	1.0715	OR per 10 mmHg	IVW two-sample MR	null	Morales-Berstein F et al., BMC Medicine 2026;24:2	10.1186/s12916-025-04548-3	https://link.springer.com/article/10.1186/s12916-025-04548-3	2026-07-20	IVW, 460 SNPs; p=1.77e-01. Explicit null. NOT a MOMI outcome.
SBP	NICU	1.1061	1.0204	1.1989	OR per 10 mmHg	IVW two-sample MR	higher BP increases risk	Morales-Berstein F et al., BMC Medicine 2026;24:2	10.1186/s12916-025-04548-3	https://link.springer.com/article/10.1186/s12916-025-04548-3	2026-07-20	IVW, 442 SNPs; p=1.42e-02. NOT a MOMI outcome.
DBP	NICU	1.1024	0.9647	1.2598	OR per 10 mmHg	IVW two-sample MR	null (CI crosses 1)	Morales-Berstein F et al., BMC Medicine 2026;24:2	10.1186/s12916-025-04548-3	https://link.springer.com/article/10.1186/s12916-025-04548-3	2026-07-20	IVW, 397 SNPs; p=1.52e-01. NOT a MOMI outcome.
SBP	GDM	1.1087	1.0543	1.1659	OR per 10 mmHg	IVW two-sample MR	higher BP increases risk	Morales-Berstein F et al., BMC Medicine 2026;24:2	10.1186/s12916-025-04548-3	https://link.springer.com/article/10.1186/s12916-025-04548-3	2026-07-20	IVW, 491 SNPs; p=5.79e-05. NOT a MOMI outcome.
DBP	GDM	1.0681	0.9780	1.1666	OR per 10 mmHg	IVW two-sample MR	null (CI crosses 1)	Morales-Berstein F et al., BMC Medicine 2026;24:2	10.1186/s12916-025-04548-3	https://link.springer.com/article/10.1186/s12916-025-04548-3	2026-07-20	IVW, 443 SNPs; p=1.43e-01. NOT a MOMI outcome.
